ID,No.,Type,Star,Name,Doll ID,Doll,Damage,Accuracy,Evasion,Move Speed,Rate of Fire,Crit.Rate,Crit.Damage,Armor Pen.,Armor,Shield,Damage Amplify,Damage Reduction,Night View,Rounds,Equip Exp,Equip Level,Adjust Count,Locked
12871296,95,Hollow-point,?????,16Lab Hollow-Point,106136324,Python,15,0,0,0,0,0%,0%,-7,0,0,0%,0%,0%,0,10000,10,0,Locked
12978790,68,Ammunition Box,?????,IOP Maximum Ammo Box,140814577,M1895 CB,0,0,-2,0,0,0%,0%,0,0,0,0%,0%,0%,5,10000,10,6,Locked
12983759,32,High-velocity,?????,APCR High-Velocity Ammo,-,-,20,0,0,0,0,0%,0%,0,0,0,0%,0%,0%,0,10150,10,6,Locked
13437967,66,Suppressor,?????,AC4 Suppressor,140542170,Gr MP5 Mod,0,0,10,0,0,0%,20%,0,0,0,0%,0%,0%,0,10000,10,6,Locked
13460506,16,Night Equipment,?????,PEQ-16A,88257257,OTs-14,0,0,0,0,0,0%,0%,0,0,0,0%,0%,100%,0,0,0,8,Locked
13976380,149,Exclusive,?????,Cybernetic Hands,-,-,2,0,-3,0,0,0%,0%,0,0,0,0%,0%,0%,4,0,0,2,
13976387,145,Exclusive,?????,Prosthetic Arm,-,-,2,0,-2,0,0,0%,0%,0,6,0,0%,0%,0%,0,0,0,0,
13977098,146,Exclusive,?????,MIRD Class-5 Rounds,-,-,12,0,0,0,0,0%,0%,-9,0,0,0%,0%,0%,0,0,0,0,Locked
14266495,147,Exclusive,?????,White Knight's Armor,-,-,0,0,17,0,0,0%,0%,0,0,0,0%,0%,0%,0,0,0,0,
14312201,137,Exclusive,?????,Adelhyde,71594965,Jill Stingray,0,0,15,0,0,0%,0%,0,0,0,0%,0%,0%,0,0,0,0,Locked
14312202,138,Exclusive,?????,Flanergide,-,-,0,0,15,0,0,0%,0%,0,0,0,0%,0%,0%,0,0,0,0,Locked
14312203,139,Exclusive,?????,Adelhyde,71594965,Jill Stingray,0,0,15,0,0,0%,0%,0,0,0,0%,0%,0%,0,0,0,0,Locked
14312204,140,Exclusive,?????,Bronson Extract,-,-,0,0,15,0,0,0%,0%,0,0,0,0%,0%,0%,0,0,0,0,Locked
14312205,141,Exclusive,?????,Powdered Delta,-,-,0,0,15,0,0,0%,0%,0,0,0,0%,0%,0%,0,0,0,0,
14312206,142,Exclusive,?????,Karmotrine,-,-,0,0,15,0,0,0%,0%,0,0,0,0%,0%,0%,0,0,0,0,Locked
14312207,143,Exclusive,?????,Karmotrine,-,-,0,0,15,0,0,0%,0%,0,0,0,0%,0%,0%,0,0,0,0,Locked
14312208,144,Exclusive,?????,Karmotrine,71594965,Jill Stingray,0,0,15,0,0,0%,0%,0,0,0,0%,0%,0%,0,0,0,0,Locked
14369664,148,Exclusive,?????,Prosthetic Eye,-,-,0,0,0,-3,1,18%,0%,0,0,0,0%,0%,0%,0,0,0,0,
14530953,20,Armor-piercing,?????,Mk211 High-Explosive Armor-Piercing Ammo,-,-,0,0,0,0,0,0%,0%,180,0,0,0%,0%,0%,0,10000,10,9,Locked
14747716,72,Hollow-point,?????,ILM Hollow-Point Ammo,141629526,Desert Eagle,15,0,0,0,0,0%,0%,-10,0,0,0%,0%,0%,0,10000,10,4,Locked
15296048,16,Night Equipment,?????,PEQ-16A,-,-,0,0,0,0,0,0%,0%,0,0,0,0%,0%,100%,0,0,0,11,Locked
15445653,8,Holographic,?????,EOT 518,123454162,Micro Uzi Mod,8,14,0,0,-4,0%,0%,0,0,0,0%,0%,0%,0,10000,10,16,Locked
15445654,44,Armor Plate,?????,Type 3 Armor Plate,116336279,S.A.T.8,0,0,-2,0,0,0%,0%,0,11,0,0%,0%,0%,0,10000,10,6,Locked
15726706,20,Armor-piercing,?????,Mk211 High-Explosive Armor-Piercing Ammo,68113742,WA2000,0,0,0,0,0,0%,0%,180,0,0,0%,0%,0%,0,10000,10,2,Locked
15756234,76,Buckshot,?????,#000 Buckshot,142529686,DP-12,10,0,0,0,0,15%,0%,0,0,0,0%,0%,0%,0,0,0,16,
15786879,16,Night Equipment,?????,PEQ-16A,86728681,SAA Mod,0,0,0,0,0,0%,0%,0,0,0,0%,0%,100%,0,0,0,12,Locked
16134812,161,Exclusive,?????,Advanced Infantry Sight,-,-,5,0,0,0,0,0%,48%,0,0,0,0%,0%,0%,0,30000,10,6,Locked
16176219,110,High-velocity,?????,16Lab High-Velocity Ammo,89532688,K2,20,0,0,0,0,0%,0%,0,0,0,0%,0%,0%,0,10000,10,0,Locked
16214175,95,Hollow-point,?????,16Lab Hollow-Point,92387675,M1911 Mod,15,0,0,0,0,0%,0%,-7,0,0,0%,0%,0%,0,10000,10,0,Locked
16322498,58,X-Exo,?????,IOP X4 Exoskeleton,83703395,Stechkin Mod,0,0,20,0,0,0%,0%,0,0,0,0%,0%,0%,0,10000,10,3,Locked
16323755,90,Camouflage Cape,?????,Thermoptic Camouflage Cape,68113742,WA2000,0,0,0,-3,0,25%,0%,0,0,0,0%,0%,0%,0,10000,10,8,Locked
16323756,72,Hollow-point,?????,ILM Hollow-Point Ammo,129525696,Python,15,0,0,0,0,0%,0%,-8,0,0,0%,0%,0%,0,10000,10,4,Locked
16323762,8,Holographic,?????,EOT 518,-,-,8,14,0,0,-4,0%,0%,0,0,0,0%,0%,0%,0,10000,10,6,Locked
16356687,66,Suppressor,?????,AC4 Suppressor,73498598,RO635 Mod,0,0,10,0,0,0%,20%,0,0,0,0%,0%,0%,0,10000,10,6,Locked
16359139,44,Armor Plate,?????,Type 3 Armor Plate,128444060,Am KSG,0,0,-2,0,0,0%,0%,0,11,0,0%,0%,0%,0,10000,10,6,Locked
16442996,4,Optical,?????,VFL 6-24X56,155482676,Gr SL8,0,0,0,0,0,0%,48%,0,0,0,0%,0%,0%,0,10001,10,1,Locked
16789465,66,Suppressor,?????,AC4 Suppressor,73500415,C-MS,0,0,10,0,0,0%,20%,0,0,0,0%,0%,0%,0,10000,10,6,Locked
16849017,90,Camouflage Cape,?????,Thermoptic Camouflage Cape,-,-,0,0,0,-3,0,25%,0%,0,0,0,0%,0%,0%,0,10000,10,6,Locked
16887754,16,Night Equipment,?????,PEQ-16A,89532688,K2,0,0,0,0,0,0%,0%,0,0,0,0%,0%,100%,0,1,0,0,Locked
16887755,20,Armor-piercing,?????,Mk211 High-Explosive Armor-Piercing Ammo,140814577,M1895 CB,0,0,0,0,0,0%,0%,180,0,0,0%,0%,0%,0,10000,10,0,Locked
17040384,20,Armor-piercing,?????,Mk211 High-Explosive Armor-Piercing Ammo,155482676,Gr SL8,0,0,0,0,0,0%,0%,180,0,0,0%,0%,0%,0,10000,10,14,Locked
17040439,40,T-Exo,?????,IOP T4 Exoskeleton,67529639,M16A1,-6,0,35,0,0,0%,0%,0,0,0,0%,0%,0%,0,10000,10,12,
17040443,8,Holographic,?????,EOT 518,-,-,8,14,0,0,-4,0%,0%,0,0,0,0%,0%,0%,0,10000,10,14,Locked
17042337,16,Night Equipment,?????,PEQ-16A,-,-,0,0,0,0,0,0%,0%,0,0,0,0%,0%,100%,0,0,0,5,Locked
17042378,68,Ammunition Box,?????,IOP Maximum Ammo Box,142929350,Kord,0,0,-2,0,0,0%,0%,0,0,0,0%,0%,0%,5,10000,10,6,Locked
17042379,4,Optical,?????,VFL 6-24X56,68113742,WA2000,0,0,0,0,0,0%,48%,0,0,0,0%,0%,0%,0,10025,10,6,Locked
17070712,72,Hollow-point,?????,ILM Hollow-Point Ammo,83256236,Vector,15,0,0,0,0,0%,0%,-7,0,0,0%,0%,0%,0,10000,10,15,Locked
17116555,68,Ammunition Box,?????,IOP Maximum Ammo Box,68028138,PK,0,0,-2,0,0,0%,0%,0,0,0,0%,0%,0%,5,10000,10,6,
17222212,40,T-Exo,?????,IOP T4 Exoskeleton,89947619,Px4 Storm,-6,0,35,0,0,0%,0%,0,0,0,0%,0%,0%,0,10000,10,16,Locked
17419139,8,Holographic,?????,EOT 518,-,-,7,9,0,0,-4,0%,0%,0,0,0,0%,0%,0%,0,10000,10,2,Locked
17427448,16,Night Equipment,?????,PEQ-16A,73501077,Zas M21,0,0,0,0,0,0%,0%,0,0,0,0%,0%,100%,0,0,0,11,Locked
17484289,16,Night Equipment,?????,PEQ-16A,64629870,M1895 Mod,0,0,0,0,0,0%,0%,0,0,0,0%,0%,100%,0,0,0,11,Locked
17496256,20,Armor-piercing,?????,Mk211 High-Explosive Armor-Piercing Ammo,-,-,0,0,0,0,0,0%,0%,180,0,0,0%,0%,0%,0,10000,10,9,
17713507,16,Night Equipment,?????,PEQ-16A,-,-,0,0,0,0,0,0%,0%,0,0,0,0%,0%,100%,0,0,0,5,Locked
17754051,66,Suppressor,?????,AC4 Suppressor,125493788,P22,0,0,9,0,0,0%,19%,0,0,0,0%,0%,0%,0,6225,8,6,Locked
17825326,58,X-Exo,?????,IOP X4 Exoskeleton,-,-,0,0,20,0,0,0%,0%,0,0,0,0%,0%,0%,0,10000,10,6,Locked
17825327,4,Optical,?????,VFL 6-24X56,140814577,M1895 CB,0,0,0,0,0,0%,47%,0,0,0,0%,0%,0%,0,10000,10,0,Locked
17897155,100,Exclusive,?????,Lightweight Rail Kit,66993874,ST AR-15 Mod,15,10,0,0,0,30%,0%,0,0,0,0%,0%,0%,0,30000,10,5,Locked
17897165,99,Exclusive,?????,Inherited Case,66326657,M4A1 Mod,20,0,0,0,20,0%,0%,0,15,0,0%,0%,0%,0,30000,10,6,Locked
17969699,16,Night Equipment,?????,PEQ-16A,68494429,Contender,0,0,0,0,0,0%,0%,0,0,0,0%,0%,100%,0,0,0,7,Locked
17969700,4,Optical,?????,VFL 6-24X56,83700941,NTW-20 Mod,0,0,0,0,0,0%,48%,0,0,0,0%,0%,0%,0,10000,10,13,Locked
17973915,32,High-velocity,?????,APCR High-Velocity Ammo,159295465,89 Shiki,20,0,0,0,0,0%,0%,0,0,0,0%,0%,0%,0,10000,10,8,Locked
18033374,66,Suppressor,?????,AC4 Suppressor,112424403,JS 9,0,0,10,0,0,0%,18%,0,0,0,0%,0%,0%,0,10000,10,6,Locked
18036262,58,X-Exo,?????,IOP X4 Exoskeleton,141629526,Desert Eagle,0,0,20,0,0,0%,0%,0,0,0,0%,0%,0%,0,10000,10,7,Locked
18067652,58,X-Exo,?????,IOP X4 Exoskeleton,65364650,Gr Mk23,0,0,20,0,0,0%,0%,0,0,0,0%,0%,0%,0,10000,10,5,Locked
18099327,58,X-Exo,?????,IOP X4 Exoskeleton,73501077,Zas M21,0,0,20,0,0,0%,0%,0,0,0,0%,0%,0%,0,10000,10,2,Locked
18275416,105,Exclusive,?????,PM 5-25X56,78406918,Kar98k,0,0,0,0,0,20%,48%,0,0,0,0%,0%,0%,0,30000,10,0,
18276339,66,Suppressor,?????,AC4 Suppressor,65956731,Thompson,0,0,10,0,0,0%,17%,0,0,0,0%,0%,0%,0,10000,10,1,Locked
18425670,90,Camouflage Cape,?????,Thermoptic Camouflage Cape,-,-,0,0,0,-3,0,25%,0%,0,0,0,0%,0%,0%,0,10000,10,4,Locked
18465884,169,Exclusive,?????,Am RFB Quad Rail,95501980,Am RFB,0,0,0,0,0,18%,48%,0,0,0,0%,0%,0%,0,30000,10,15,Locked
18465886,168,Exclusive,?????,Folding Stock,-,-,0,0,13,0,0,0%,12%,0,0,0,0%,0%,0%,0,1,0,0,
18542326,40,T-Exo,?????,IOP T4 Exoskeleton,73498598,RO635 Mod,-6,0,35,0,0,0%,0%,0,0,0,0%,0%,0%,0,10000,10,16,Locked
18549253,4,Optical,?????,VFL 6-24X56,168539477,Pekola,0,0,0,0,0,0%,48%,0,0,0,0%,0%,0%,0,10000,10,15,Locked
18555213,4,Optical,?????,VFL 6-24X56,64749021,M2HB,0,0,0,0,0,0%,48%,0,0,0,0%,0%,0%,0,10000,10,2,
18605464,8,Holographic,?????,EOT 518,83256236,Vector,8,11,0,0,-4,0%,0%,0,0,0,0%,0%,0%,0,10000,10,7,Locked
18611081,66,Suppressor,?????,AC4 Suppressor,104400473,M950A Mod,0,0,6,0,0,0%,13%,0,0,0,0%,0%,0%,0,0,0,0,
18698470,66,Suppressor,?????,AC4 Suppressor,98049682,P90,0,0,10,0,0,0%,16%,0,0,0,0%,0%,0%,0,10000,10,1,Locked
18724445,90,Camouflage Cape,?????,Thermoptic Camouflage Cape,111571588,Lee Enfield,0,0,0,-3,0,25%,0%,0,0,0,0%,0%,0%,0,10000,10,6,Locked
18802286,72,Hollow-point,?????,ILM Hollow-Point Ammo,65364650,Gr Mk23,8,0,0,0,0,0%,0%,-9,0,0,0%,0%,0%,0,0,0,0,
18905554,44,Armor Plate,?????,Type 3 Armor Plate,86714241,M500 Mod,0,0,-3,0,0,0%,0%,0,11,0,0%,0%,0%,0,10000,10,2,
18933662,66,Suppressor,?????,AC4 Suppressor,125002295,P22,0,0,6,0,0,0%,13%,0,0,0,0%,0%,0%,0,0,0,0,
19092141,32,High-velocity,?????,APCR High-Velocity Ammo,73501077,Zas M21,20,0,0,0,0,0%,0%,0,0,0,0%,0%,0%,0,10000,10,5,Locked
19212257,32,High-velocity,?????,APCR High-Velocity Ammo,75131931,Gr G36 Mod,20,0,0,0,0,0%,0%,0,0,0,0%,0%,0%,0,10000,10,4,Locked
19325018,90,Camouflage Cape,?????,Thermoptic Camouflage Cape,155482676,Gr SL8,0,0,0,-3,0,25%,0%,0,0,0,0%,0%,0%,0,10000,10,6,Locked
19432408,72,Hollow-point,?????,ILM Hollow-Point Ammo,73500415,C-MS,15,0,0,0,0,0%,0%,-7,0,0,0%,0%,0%,0,10000,10,16,Locked
19445495,20,Armor-piercing,?????,Mk211 High-Explosive Armor-Piercing Ammo,-,-,0,0,0,0,0,0%,0%,180,0,0,0%,0%,0%,0,10000,10,7,Locked
19759865,16,Night Equipment,?????,PEQ-16A,-,-,0,0,0,0,0,0%,0%,0,0,0,0%,0%,100%,0,1,0,6,Locked
19863181,32,High-velocity,?????,APCR High-Velocity Ammo,88257257,OTs-14,20,0,0,0,0,0%,0%,0,0,0,0%,0%,0%,0,10000,10,12,Locked
19895121,66,Suppressor,?????,AC4 Suppressor,125455183,P22,0,0,7,0,0,0%,17%,0,0,0,0%,0%,0%,0,10000,10,0,
19979366,32,High-velocity,?????,APCR High-Velocity Ammo,72132632,Gr G11 Mod,20,0,0,0,0,0%,0%,0,0,0,0%,0%,0%,0,10000,10,5,Locked
20056309,72,Hollow-point,?????,ILM Hollow-Point Ammo,154295865,Webley,8,0,0,0,0,0%,0%,-9,0,0,0%,0%,0%,0,0,0,0,
20056311,66,Suppressor,?????,AC4 Suppressor,66615798,UMP45 Mod,0,0,10,0,0,0%,18%,0,0,0,0%,0%,0%,0,10000,10,8,Locked
20102502,58,X-Exo,?????,IOP X4 Exoskeleton,64629870,M1895 Mod,0,0,20,0,0,0%,0%,0,0,0,0%,0%,0%,0,10000,10,4,Locked
20248808,16,Night Equipment,?????,PEQ-16A,75131931,Gr G36 Mod,0,0,0,0,0,0%,0%,0,0,0,0%,0%,100%,0,0,0,11,Locked
20270760,32,High-velocity,?????,APCR High-Velocity Ammo,95501980,Am RFB,20,0,0,0,0,0%,0%,0,0,0,0%,0%,0%,0,10000,10,7,Locked
20272825,4,Optical,?????,VFL 6-24X56,83699491,Carcano M91/38,0,0,0,0,0,0%,48%,0,0,0,0%,0%,0%,0,10000,10,6,Locked
20339220,20,Armor-piercing,?????,Mk211 High-Explosive Armor-Piercing Ammo,111571588,Lee Enfield,0,0,0,0,0,0%,0%,180,0,0,0%,0%,0%,0,10000,10,16,Locked
20625593,32,High-velocity,?????,APCR High-Velocity Ammo,115440652,AK-12,20,0,0,0,0,0%,0%,0,0,0,0%,0%,0%,0,10000,10,7,Locked
20659632,16,Night Equipment,?????,PEQ-16A,-,-,0,0,0,0,0,0%,0%,0,0,0,0%,0%,100%,0,0,0,11,Locked
20911550,127,Exclusive,?????,Hi-Performance Tactical Hair Accessory,-,-,25,10,20,0,0,0%,0%,0,0,0,0%,0%,0%,0,30000,10,0,
21048141,66,Suppressor,?????,AC4 Suppressor,83703395,Stechkin Mod,0,0,7,0,0,0%,12%,0,0,0,0%,0%,0%,0,0,0,0,
21120677,175,Exclusive,?????,BPR4 & SRM6,-,-,2,0,6,0,0,0%,19%,0,0,0,0%,0%,0%,0,1,0,0,
21173295,129,Exclusive,?????,M2 Bipod,64634843,M14 Mod,0,10,0,0,0,0%,48%,0,0,0,0%,0%,0%,0,30000,10,16,Locked
21265155,4,Optical,?????,VFL 6-24X56,66326657,M4A1 Mod,0,0,0,0,0,0%,48%,0,0,0,0%,0%,0%,0,10000,10,3,Locked
21297135,16,Night Equipment,?????,PEQ-16A,91731875,Welrod Mk?,0,0,0,0,0,0%,0%,0,0,0,0%,0%,100%,0,0,0,10,Locked
21318030,58,X-Exo,?????,IOP X4 Exoskeleton,112424403,JS 9,0,0,20,0,0,0%,0%,0,0,0,0%,0%,0%,0,10000,10,6,Locked
21404796,90,Camouflage Cape,?????,Thermoptic Camouflage Cape,111315516,IWS 2000,0,0,0,-3,0,25%,0%,0,0,0,0%,0%,0%,0,10000,10,5,Locked
21456261,90,Camouflage Cape,?????,Thermoptic Camouflage Cape,83699491,Carcano M91/38,0,0,0,-3,0,25%,0%,0,0,0,0%,0%,0%,0,10000,10,3,Locked
21523489,12,Red Dot,?????,ITI MARS,142529686,DP-12,0,17,0,0,-3,0%,0%,0,0,0,0%,0%,0%,0,775,3,0,
21585579,32,High-velocity,?????,APCR High-Velocity Ammo,87562315,AN-94,20,0,0,0,0,0%,0%,0,0,0,0%,0%,0%,0,10000,10,10,Locked
21585580,32,High-velocity,?????,APCR High-Velocity Ammo,65536330,K11,20,0,0,0,0,0%,0%,0,0,0,0%,0%,0%,0,10000,10,5,Locked
21604321,68,Ammunition Box,?????,IOP Maximum Ammo Box,64749021,M2HB,0,0,-2,0,0,0%,0%,0,0,0,0%,0%,0%,5,10000,10,6,
21827278,117,Exclusive,?????,Glorylight,113605551,El Clear,0,0,0,0,0,0%,0%,0,0,0,0%,0%,100%,0,1,0,0,Locked
21962476,4,Optical,?????,VFL 6-24X56,115863863,Negev,0,0,0,0,0,0%,48%,0,0,0,0%,0%,0%,0,10000,10,7,Locked
22100443,20,Armor-piercing,?????,Mk211 High-Explosive Armor-Piercing Ammo,104194631,Gr MG5,0,0,0,0,0,0%,0%,180,0,0,0%,0%,0%,0,10000,10,17,Locked
22104132,76,Buckshot,?????,#000 Buckshot,128444060,Am KSG,8,0,0,0,0,10%,0%,0,0,0,0%,0%,0%,0,0,0,0,
22104163,32,High-velocity,?????,APCR High-Velocity Ammo,75131930,416 Mod,20,0,0,0,0,0%,0%,0,0,0,0%,0%,0%,0,10000,10,7,Locked
22104288,4,Optical,?????,VFL 6-24X56,159295465,89 Shiki,0,0,0,0,0,0%,48%,0,0,0,0%,0%,0%,0,10000,10,11,Locked
22104506,4,Optical,?????,VFL 6-24X56,111315516,IWS 2000,0,0,0,0,0,0%,48%,0,0,0,0%,0%,0%,0,10000,10,13,Locked
22104515,90,Camouflage Cape,?????,Thermoptic Camouflage Cape,99255783,M200,0,0,0,-3,0,25%,0%,0,0,0,0%,0%,0%,0,10000,10,6,Locked
22104689,4,Optical,?????,VFL 6-24X56,72132632,Gr G11 Mod,0,0,0,0,0,0%,48%,0,0,0,0%,0%,0%,0,10000,10,9,Locked
22104791,20,Armor-piercing,?????,Mk211 High-Explosive Armor-Piercing Ammo,115863863,Negev,0,0,0,0,0,0%,0%,180,0,0,0%,0%,0%,0,10000,10,10,Locked
22104831,72,Hollow-point,?????,ILM Hollow-Point Ammo,87394976,Gr MP7,7,0,0,0,0,0%,0%,-9,0,0,0%,0%,0%,0,0,0,0,
22114832,20,Armor-piercing,?????,Mk211 High-Explosive Armor-Piercing Ammo,111315516,IWS 2000,0,0,0,0,0,0%,0%,180,0,0,0%,0%,0%,0,10000,10,13,Locked
22147828,4,Optical,?????,VFL 6-24X56,87562315,AN-94,0,0,0,0,0,0%,48%,0,0,0,0%,0%,0%,0,10000,10,2,Locked
22151949,4,Optical,?????,VFL 6-24X56,115440652,AK-12,0,0,0,0,0,0%,48%,0,0,0,0%,0%,0%,0,10000,10,15,Locked
22236782,32,High-velocity,?????,APCR High-Velocity Ammo,66326657,M4A1 Mod,20,0,0,0,0,0%,0%,0,0,0,0%,0%,0%,0,10000,10,5,Locked
22345780,118,Exclusive,?????,Black Cat,-,-,0,0,0,0,0,0%,0%,0,0,0,0%,0%,100%,0,1,0,0,
22364761,4,Optical,?????,VFL 6-24X56,104194631,Gr MG5,0,0,0,0,0,0%,48%,0,0,0,0%,0%,0%,0,10000,10,13,Locked
22397233,20,Armor-piercing,?????,Mk211 High-Explosive Armor-Piercing Ammo,107045152,PKP,0,0,0,0,0,0%,0%,180,0,0,0%,0%,0%,0,10000,10,11,Locked
22703269,58,X-Exo,?????,IOP X4 Exoskeleton,77202078,AS Val Mod,0,0,20,0,0,0%,0%,0,0,0,0%,0%,0%,0,10000,10,6,Locked
22830515,40,T-Exo,?????,IOP T4 Exoskeleton,126439397,HS2000,-8,0,35,0,0,0%,0%,0,0,0,0%,0%,0%,0,10000,10,3,Locked
22878832,20,Armor-piercing,?????,Mk211 High-Explosive Armor-Piercing Ammo,83699491,Carcano M91/38,0,0,0,0,0,0%,0%,180,0,0,0%,0%,0%,0,10000,10,10,Locked
22940611,66,Suppressor,?????,AC4 Suppressor,126439397,HS2000,0,0,6,0,0,0%,12%,0,0,0,0%,0%,0%,0,1,0,0,
23011706,66,Suppressor,?????,AC4 Suppressor,69152279,Grizzly,0,0,6,0,0,0%,13%,0,0,0,0%,0%,0%,0,0,0,0,
23241772,4,Optical,?????,VFL 6-24X56,117450295,R93,0,0,0,0,0,0%,48%,0,0,0,0%,0%,0%,0,10000,10,9,Locked
23356054,40,T-Exo,?????,IOP T4 Exoskeleton,65956731,Thompson,-7,0,35,0,0,0%,0%,0,0,0,0%,0%,0%,0,10000,10,2,Locked
23456662,20,Armor-piercing,?????,Mk211 High-Explosive Armor-Piercing Ammo,99255783,M200,0,0,0,0,0,0%,0%,180,0,0,0%,0%,0%,0,10000,10,23,Locked
23646258,8,Holographic,?????,EOT 518,-,-,5,7,0,0,-5,0%,0%,0,0,0,0%,0%,0%,0,0,0,0,
23842246,58,X-Exo,?????,IOP X4 Exoskeleton,-,-,0,0,20,0,0,0%,0%,0,0,0,0%,0%,0%,0,10000,10,14,Locked
23930360,68,Ammunition Box,?????,IOP Maximum Ammo Box,104194631,Gr MG5,0,0,-2,0,0,0%,0%,0,0,0,0%,0%,0%,4,10000,10,0,Locked
23959974,4,Optical,?????,VFL 6-24X56,65536330,K11,0,0,0,0,0,0%,48%,0,0,0,0%,0%,0%,0,10000,10,2,Locked
24181124,40,T-Exo,?????,IOP T4 Exoskeleton,103048049,Px4 Storm,-8,0,35,0,0,0%,0%,0,0,0,0%,0%,0%,0,10000,10,4,Locked
24182619,126,Exclusive,?????,Dinergate RO,66988739,M4 SOPMOD II Mod,35,14,0,0,-2,0%,0%,0,0,0,0%,0%,0%,0,30000,10,12,Locked
24358186,72,Hollow-point,?????,ILM Hollow-Point Ammo,69152279,Grizzly,7,0,0,0,0,0%,0%,-8,0,0,0%,0%,0%,0,0,0,0,
24427763,72,Hollow-point,?????,ILM Hollow-Point Ammo,64629870,M1895 Mod,15,0,0,0,0,0%,0%,-7,0,0,0%,0%,0%,0,10000,10,16,Locked
24440517,40,T-Exo,?????,IOP T4 Exoskeleton,98049682,P90,-7,0,35,0,0,0%,0%,0,0,0,0%,0%,0%,0,10000,10,8,Locked
24440522,20,Armor-piercing,?????,Mk211 High-Explosive Armor-Piercing Ammo,117450295,R93,0,0,0,0,0,0%,0%,180,0,0,0%,0%,0%,0,10000,10,17,Locked
24488781,16,Night Equipment,?????,PEQ-16A,-,-,0,0,0,0,0,0%,0%,0,0,0,0%,0%,100%,0,0,0,9,Locked
24642161,132,Exclusive,?????,Gr MG4 MGO,-,-,0,18,0,0,-1,0%,20%,0,0,0,0%,0%,0%,0,1,0,0,
24664106,4,Optical,?????,VFL 6-24X56,136402026,Rico,0,0,0,0,0,0%,48%,0,0,0,0%,0%,0%,0,10000,10,15,Locked
24731659,4,Optical,?????,VFL 6-24X56,68028138,PK,0,0,0,0,0,0%,48%,0,0,0,0%,0%,0%,0,10000,10,16,
24732101,182,Exclusive,?????,S&B762,-,-,13,0,0,0,-4,0%,0%,0,0,0,0%,0%,0%,0,1,0,0,
24747975,72,Hollow-point,?????,ILM Hollow-Point Ammo,140542170,Gr MP5 Mod,7,0,0,0,0,0%,0%,-9,0,0,0%,0%,0%,0,0,0,0,
24749916,4,Optical,?????,VFL 6-24X56,107045152,PKP,0,0,0,0,0,0%,47%,0,0,0,0%,0%,0%,0,10000,10,0,Locked
24773649,80,Slug,?????,SABOT Slug,86714241,M500 Mod,0,8,0,0,0,0%,0%,0,0,0,0%,0%,0%,0,0,0,0,
24930339,16,Night Equipment,?????,PEQ-16A,-,-,0,0,0,0,0,0%,0%,0,0,0,0%,0%,100%,0,1,0,12,Locked
25052729,16,Night Equipment,?????,PEQ-16A,-,-,0,0,0,0,0,0%,0%,0,0,0,0%,0%,100%,0,0,0,12,Locked
25135441,60,Exclusive,?????,.300BLK High-Velocity Ammo,66993874,ST AR-15 Mod,35,0,0,0,-10,0%,0%,0,0,0,0%,0%,0%,0,30000,10,12,Locked
25166882,58,X-Exo,?????,IOP X4 Exoskeleton,92387675,M1911 Mod,0,0,20,0,0,0%,0%,0,0,0,0%,0%,0%,0,10000,10,6,Locked
25243240,66,Suppressor,?????,AC4 Suppressor,65364650,Gr Mk23,0,0,6,0,0,0%,13%,0,0,0,0%,0%,0%,0,0,0,0,
25464603,68,Ammunition Box,?????,IOP Maximum Ammo Box,115863863,Negev,0,0,-2,0,0,0%,0%,0,0,0,0%,0%,0%,5,10000,10,6,Locked
25703097,20,Armor-piercing,?????,Mk211 High-Explosive Armor-Piercing Ammo,136402026,Rico,0,0,0,0,0,0%,0%,180,0,0,0%,0%,0%,0,10000,10,10,Locked
25703102,58,X-Exo,?????,IOP X4 Exoskeleton,66321001,SR-3MP,0,0,20,0,0,0%,0%,0,0,0,0%,0%,0%,0,10000,10,2,
25704551,90,Camouflage Cape,?????,Thermoptic Camouflage Cape,117450295,R93,0,0,0,-3,0,25%,0%,0,0,0,0%,0%,0%,0,10000,10,4,Locked
25704652,40,T-Exo,?????,IOP T4 Exoskeleton,125493788,P22,-8,0,35,0,0,0%,0%,0,0,0,0%,0%,0%,0,10000,10,8,Locked
25979912,4,Optical,?????,VFL 6-24X56,77202078,AS Val Mod,0,0,0,0,0,0%,48%,0,0,0,0%,0%,0%,0,10000,10,12,Locked
26115399,91,Exclusive,?????,Special Warfare Mobile Suit,67529639,M16A1,0,-20,10,0,-10,0%,0%,0,20,0,0%,0%,0%,0,30000,10,0,
26200986,72,Hollow-point,?????,ILM Hollow-Point Ammo,86728681,SAA Mod,8,0,0,0,0,0%,0%,-9,0,0,0%,0%,0%,0,0,0,0,
26219844,68,Ammunition Box,?????,IOP Maximum Ammo Box,107045152,PKP,0,0,-3,0,0,0%,0%,0,0,0,0%,0%,0%,5,10000,10,1,Locked
26268411,20,Armor-piercing,?????,Mk211 High-Explosive Armor-Piercing Ammo,64634843,M14 Mod,0,0,0,0,0,0%,0%,180,0,0,0%,0%,0%,0,10000,10,13,Locked
26323617,183,Exclusive,?????,Duelling Cards,136402026,Rico,0,0,0,-3,0,45%,0%,0,0,0,0%,0%,0%,0,30000,10,7,Locked
26396319,186,Exclusive,?????,Bayonet,-,-,7,0,0,0,0,14%,12%,0,0,0,0%,0%,0%,0,1,0,0,
26475603,187,Exclusive,?????,Antique Kaleidoscope,-,-,0,1,7,0,0,0%,13%,0,0,0,0%,0%,0%,0,1,0,0,
26475609,184,Exclusive,?????,Fairy Tale Picture Books,-,-,8,0,10,0,0,0%,0%,0,0,0,0%,0%,0%,0,1,0,0,
26487980,40,T-Exo,?????,IOP T4 Exoskeleton,73500415,C-MS,-7,0,35,0,0,0%,0%,0,0,0,0%,0%,0%,0,10000,10,5,Locked
26552621,185,Exclusive,?????,Spectacles,-,-,3,1,0,0,0,0%,21%,0,0,0,0%,0%,0%,0,1,0,0,
26552624,189,Exclusive,?????,Wristwatch,-,-,4,1,0,0,0,0%,18%,0,0,0,0%,0%,0%,0,1,0,0,
26552626,188,Exclusive,?????,Meteorite,-,-,3,1,0,0,0,0%,20%,0,0,0,0%,0%,0%,0,1,0,0,
26676769,4,Optical,?????,VFL 6-24X56,99255783,M200,0,0,0,0,0,0%,48%,0,0,0,0%,0%,0%,0,10000,10,5,Locked
26850528,95,Hollow-point,?????,16Lab Hollow-Point,123454162,Micro Uzi Mod,15,0,0,0,0,0%,0%,-7,0,0,0%,0%,0%,0,10000,10,0,Locked
26850529,110,High-velocity,?????,16Lab High-Velocity Ammo,66988739,M4 SOPMOD II Mod,20,0,0,0,0,0%,0%,0,0,0,0%,0%,0%,0,10000,10,0,Locked
27075905,4,Optical,?????,VFL 6-24X56,124482041,KSVK Mod,0,0,0,0,0,0%,48%,0,0,0,0%,0%,0%,0,10000,10,3,Locked
27317546,4,Optical,?????,VFL 6-24X56,142929350,Kord,0,0,0,0,0,0%,48%,0,0,0,0%,0%,0%,0,10000,10,10,Locked
27324636,12,Red Dot,?????,ITI MARS,128444060,Am KSG,0,12,0,0,-2,0%,0%,0,0,0,0%,0%,0%,0,0,0,0,
27431375,58,X-Exo,?????,IOP X4 Exoskeleton,88257257,OTs-14,0,0,20,0,0,0%,0%,0,0,0,0%,0%,0%,0,10000,10,8,Locked
27436395,80,Slug,?????,SABOT Slug,-,-,0,9,0,0,0,0%,0%,0,0,0,0%,0%,0%,0,1,0,0,
27619205,160,Exclusive,?????,No32 MKI,111571588,Lee Enfield,0,0,0,0,4,0%,48%,0,0,0,0%,0%,0%,0,30000,10,0,Locked
27698751,16,Night Equipment,?????,PEQ-16A,-,-,0,0,0,0,0,0%,0%,0,0,0,0%,0%,100%,0,0,0,10,Locked
27698752,66,Suppressor,?????,AC4 Suppressor,89947619,Px4 Storm,0,0,6,0,0,0%,13%,0,0,0,0%,0%,0%,0,0,0,0,
27737231,58,X-Exo,?????,IOP X4 Exoskeleton,106136324,Python,0,0,20,0,0,0%,0%,0,0,0,0%,0%,0%,0,10000,10,3,Locked
27737294,40,T-Exo,?????,IOP T4 Exoskeleton,127719243,HS2000,-7,0,34,0,0,0%,0%,0,0,0,0%,0%,0%,0,10000,10,0,Locked
27792831,4,Optical,?????,VFL 6-24X56,75131930,416 Mod,0,0,0,0,0,0%,48%,0,0,0,0%,0%,0%,0,10000,10,4,Locked
27795750,4,Optical,?????,VFL 6-24X56,66988739,M4 SOPMOD II Mod,0,0,0,0,0,0%,48%,0,0,0,0%,0%,0%,0,10000,10,7,Locked
27845036,4,Optical,?????,VFL 6-24X56,66993874,ST AR-15 Mod,0,0,0,0,0,0%,48%,0,0,0,0%,0%,0%,0,10000,10,6,Locked
27847959,40,T-Exo,?????,IOP T4 Exoskeleton,125455183,P22,-7,0,35,0,0,0%,0%,0,0,0,0%,0%,0%,0,10000,10,3,Locked
27944169,76,Buckshot,?????,#000 Buckshot,-,-,8,0,0,0,0,13%,0%,0,0,0,0%,0%,0%,0,1,0,0,
27951771,72,Hollow-point,?????,ILM Hollow-Point Ammo,66615798,UMP45 Mod,7,0,0,0,0,0%,0%,-8,0,0,0%,0%,0%,0,1,0,0,
27990726,12,Red Dot,?????,ITI MARS,116336279,S.A.T.8,0,13,0,0,-1,0%,0%,0,0,0,0%,0%,0%,0,0,0,0,
28007049,72,Hollow-point,?????,ILM Hollow-Point Ammo,83703395,Stechkin Mod,7,0,0,0,0,0%,0%,-9,0,0,0%,0%,0%,0,0,0,0,
28031231,58,X-Exo,?????,IOP X4 Exoskeleton,65536330,K11,0,0,20,0,0,0%,0%,0,0,0,0%,0%,0%,0,10000,10,2,
28077190,8,Holographic,?????,EOT 518,-,-,5,7,0,0,-5,0%,0%,0,0,0,0%,0%,0%,0,0,0,0,
28258706,16,Night Equipment,?????,PEQ-16A,-,-,0,0,0,0,0,0%,0%,0,0,0,0%,0%,100%,0,0,0,17,Locked
28267182,90,Camouflage Cape,?????,Thermoptic Camouflage Cape,64634843,M14 Mod,0,0,0,-3,0,25%,0%,0,0,0,0%,0%,0%,0,10000,10,6,Locked
28281659,90,Camouflage Cape,?????,Thermoptic Camouflage Cape,131737873,Type88 Mod,0,0,0,-3,0,25%,0%,0,0,0,0%,0%,0%,0,10000,10,3,Locked
28283654,204,Exclusive,?????,416's Go-Bag,147214814,Agent 416,0,0,20,0,0,0%,0%,0,0,0,0%,0%,0%,0,10000,10,0,
28298186,58,X-Exo,?????,IOP X4 Exoskeleton,95501980,Am RFB,0,0,20,0,0,0%,0%,0,0,0,0%,0%,0%,0,10000,10,4,
28301324,200,Exclusive,?????,.45 Hollow Point Ammo (Incendiary),-,-,15,0,0,0,0,0%,0%,-7,0,0,0%,0%,0%,0,10000,10,0,Locked
28313985,201,Exclusive,?????,Go-Bag "V",-,-,-6,0,35,0,0,0%,0%,0,0,0,0%,0%,0%,0,10000,10,0,Locked
28336688,199,Exclusive,?????,Osprey 45 Silencer,-,-,0,0,10,0,0,0%,20%,0,0,0,0%,0%,0%,0,10000,10,0,Locked
28337984,203,Exclusive,?????,556 High-Velocity Ammo (Explosive),147214814,Agent 416,20,0,0,0,0,0%,0%,0,0,0,0%,0%,0%,0,10000,10,0,
28361559,202,Exclusive,?????,ACOG (4X),147214814,Agent 416,0,0,0,0,0,0%,48%,0,0,0,0%,0%,0%,0,10000,10,0,
28361634,40,T-Exo,?????,IOP T4 Exoskeleton,87394976,Gr MP7,-8,0,35,0,0,0%,0%,0,0,0,0%,0%,0%,0,10000,10,4,Locked
28404040,4,Optical,?????,VFL 6-24X56,82436014,Carcano M1891,0,0,0,0,0,0%,48%,0,0,0,0%,0%,0%,0,10000,10,7,Locked
28404897,16,Night Equipment,?????,PEQ-16A,-,-,0,0,0,0,0,0%,0%,0,0,0,0%,0%,100%,0,1,0,14,Locked
28425931,58,X-Exo,?????,IOP X4 Exoskeleton,68494429,Contender,0,0,20,0,0,0%,0%,0,0,0,0%,0%,0%,0,10000,10,5,
28428735,58,X-Exo,?????,IOP X4 Exoskeleton,-,-,0,0,20,0,0,0%,0%,0,0,0,0%,0%,0%,0,10000,10,6,
28450139,66,Suppressor,?????,AC4 Suppressor,-,-,0,0,7,0,0,0%,12%,0,0,0,0%,0%,0%,0,0,0,0,
28589875,4,Optical,?????,VFL 6-24X56,-,-,0,0,0,0,0,0%,24%,0,0,0,0%,0%,0%,0,0,0,8,
28623434,76,Buckshot,?????,#000 Buckshot,-,-,8,0,0,0,0,12%,0%,0,0,0,0%,0%,0%,0,1,0,0,
28633427,58,X-Exo,?????,IOP X4 Exoskeleton,-,-,0,0,20,0,0,0%,0%,0,0,0,0%,0%,0%,0,10000,10,5,
28686340,40,T-Exo,?????,IOP T4 Exoskeleton,154295865,Webley,-8,0,35,0,0,0%,0%,0,0,0,0%,0%,0%,0,10000,10,12,Locked
28692785,20,Armor-piercing,?????,Mk211 High-Explosive Armor-Piercing Ammo,-,-,0,0,0,0,0,0%,0%,180,0,0,0%,0%,0%,0,10000,10,15,Locked
28711551,8,Holographic,?????,EOT 518,-,-,4,7,0,0,-5,0%,0%,0,0,0,0%,0%,0%,0,0,0,0,
28711608,40,T-Exo,?????,IOP T4 Exoskeleton,125002295,P22,-8,0,35,0,0,0%,0%,0,0,0,0%,0%,0%,0,10000,10,12,Locked
28726115,44,Armor Plate,?????,Type 3 Armor Plate,142529686,DP-12,0,0,-3,0,0,0%,0%,0,11,0,0%,0%,0%,0,10000,10,5,Locked
28752698,58,X-Exo,?????,IOP X4 Exoskeleton,-,-,0,0,20,0,0,0%,0%,0,0,0,0%,0%,0%,0,10000,10,4,
28851317,66,Suppressor,?????,AC4 Suppressor,115863515,Gr Mk23,0,0,6,0,0,0%,13%,0,0,0,0%,0%,0%,0,0,0,0,
29055068,90,Camouflage Cape,?????,Thermoptic Camouflage Cape,124482041,KSVK Mod,0,0,0,-3,0,25%,0%,0,0,0,0%,0%,0%,0,10000,10,6,Locked
29055113,158,Exclusive,?????,Acceleration Coil,131737873,Type88 Mod,5,0,0,0,0,0%,50%,0,0,0,0%,0%,0%,0,30000,10,6,Locked
29055114,178,Exclusive,?????,12.7mm 1SL,124482041,KSVK Mod,10,0,0,0,0,0%,0%,180,0,0,0%,0%,0%,0,30000,10,16,Locked
29106428,72,Hollow-point,?????,ILM Hollow-Point Ammo,125002295,P22,8,0,0,0,0,0%,0%,-8,0,0,0%,0%,0%,0,0,0,0,
29141168,135,Exclusive,?????,SP6 Subsonic Ammo,77202078,AS Val Mod,24,0,0,0,0,0%,0%,0,0,0,0%,0%,0%,0,30000,10,5,Locked
29196285,4,Optical,?????,VFL 6-24X56,-,-,0,0,0,0,0,0%,22%,0,0,0,0%,0%,0%,0,0,0,0,
29302188,16,Night Equipment,?????,PEQ-16A,-,-,0,0,0,0,0,0%,0%,0,0,0,0%,0%,100%,0,0,0,13,Locked
29528309,4,Optical,?????,VFL 6-24X56,-,-,0,0,0,0,0,0%,21%,0,0,0,0%,0%,0%,0,1,0,0,
29573942,159,Exclusive,?????,Tactical Headwear,75131930,416 Mod,25,0,20,0,0,10%,0%,0,0,0,0%,0%,0%,0,30000,10,5,Locked
29631014,72,Hollow-point,?????,ILM Hollow-Point Ammo,98049682,P90,7,0,0,0,0,0%,0%,-9,0,0,0%,0%,0%,0,0,0,0,
29667792,8,Holographic,?????,EOT 518,-,-,4,7,0,0,-5,0%,0%,0,0,0,0%,0%,0%,0,1,0,0,
29742021,68,Ammunition Box,?????,IOP Maximum Ammo Box,-,-,0,0,-2,0,0,0%,0%,0,0,0,0%,0%,0%,4,10000,10,0,
29883004,68,Ammunition Box,?????,IOP Maximum Ammo Box,-,-,0,0,-2,0,0,0%,0%,0,0,0,0%,0%,0%,2,0,0,0,
30028810,8,Holographic,?????,EOT 518,-,-,4,7,0,0,-4,0%,0%,0,0,0,0%,0%,0%,0,0,0,0,
30080415,32,High-velocity,?????,APCR High-Velocity Ammo,-,-,9,0,0,0,0,0%,0%,0,0,0,0%,0%,0%,0,1,0,0,
30089637,58,X-Exo,?????,IOP X4 Exoskeleton,129525696,Python,0,0,20,0,0,0%,0%,0,0,0,0%,0%,0%,0,10000,10,3,
30134562,58,X-Exo,?????,IOP X4 Exoskeleton,88200472,Five-seven,0,0,20,0,0,0%,0%,0,0,0,0%,0%,0%,0,10000,10,5,
30204459,90,Camouflage Cape,?????,Thermoptic Camouflage Cape,82436014,Carcano M1891,0,0,0,-3,0,25%,0%,0,0,0,0%,0%,0%,0,10000,10,3,
30251579,174,Exclusive,?????,FRAG-12 High Explosive Rounds,-,-,8,12,0,0,0,0%,0%,0,0,0,0%,0%,0%,0,576,0,0,
30271030,90,Camouflage Cape,?????,Thermoptic Camouflage Cape,83700941,NTW-20 Mod,0,0,0,-3,0,25%,0%,0,0,0,0%,0%,0%,0,10000,10,3,
30321456,58,X-Exo,?????,IOP X4 Exoskeleton,86728681,SAA Mod,0,0,20,0,0,0%,0%,0,0,0,0%,0%,0%,0,10000,10,7,
30324941,66,Suppressor,?????,AC4 Suppressor,154295865,Webley,0,0,6,0,0,0%,13%,0,0,0,0%,0%,0%,0,0,0,0,
30427767,40,T-Exo,?????,IOP T4 Exoskeleton,104400473,M950A Mod,-8,0,35,0,0,0%,0%,0,0,0,0%,0%,0%,0,10000,10,2,
30508156,40,T-Exo,?????,IOP T4 Exoskeleton,72481700,Gr G36c,-7,0,35,0,0,0%,0%,0,0,0,0%,0%,0%,0,10000,10,13,
30676070,20,Armor-piercing,?????,Mk211 High-Explosive Armor-Piercing Ammo,-,-,0,0,0,0,0,0%,0%,180,0,0,0%,0%,0%,0,10000,10,18,
30746968,40,T-Exo,?????,IOP T4 Exoskeleton,159310809,HP-35,-8,0,35,0,0,0%,0%,0,0,0,0%,0%,0%,0,10000,10,4,
30931035,44,Armor Plate,?????,Type 3 Armor Plate,-,-,0,0,-2,0,0,0%,0%,0,6,0,0%,0%,0%,0,0,0,0,
30952218,66,Suppressor,?????,AC4 Suppressor,92387675,M1911 Mod,0,0,6,0,0,0%,13%,0,0,0,0%,0%,0%,0,0,0,0,
30964624,16,Night Equipment,?????,PEQ-16A,-,-,0,0,0,0,0,0%,0%,0,0,0,0%,0%,94%,0,0,0,0,
30964967,170,Exclusive,?????,20mm HEI,83700941,NTW-20 Mod,10,0,0,0,0,0%,0%,180,0,0,0%,0%,0%,0,30000,10,16,
31103361,44,Armor Plate,?????,Type 3 Armor Plate,-,-,0,0,-2,0,0,0%,0%,0,6,0,0%,0%,0%,0,0,0,0,
31154715,58,X-Exo,?????,IOP X4 Exoskeleton,89532688,K2,0,0,20,0,0,0%,0%,0,0,0,0%,0%,0%,0,10000,10,5,
31161804,72,Hollow-point,?????,ILM Hollow-Point Ammo,73498598,RO635 Mod,7,0,0,0,0,0%,0%,-9,0,0,0%,0%,0%,0,1,0,0,
31207500,117,Exclusive,?????,Glorylight,-,-,0,0,0,0,0,0%,0%,0,0,0,0%,0%,100%,0,1,0,0,
31233721,20,Armor-piercing,?????,Mk211 High-Explosive Armor-Piercing Ammo,82436014,Carcano M1891,0,0,0,0,0,0%,0%,180,0,0,0%,0%,0%,0,10000,10,16,
31255579,4,Optical,?????,VFL 6-24X56,-,-,0,0,0,0,0,0%,21%,0,0,0,0%,0%,0%,0,0,0,0,
31307877,66,Suppressor,?????,AC4 Suppressor,85741976,K5,0,0,7,0,0,0%,13%,0,0,0,0%,0%,0%,0,0,0,0,
31330601,20,Armor-piercing,?????,Mk211 High-Explosive Armor-Piercing Ammo,67411911,Mosin-Nagant Mod,0,0,0,0,0,0%,0%,180,0,0,0%,0%,0%,0,10000,10,9,
31330609,4,Optical,?????,VFL 6-24X56,-,-,0,0,0,0,0,0%,19%,0,0,0,0%,0%,0%,0,0,0,0,
31372781,58,X-Exo,?????,IOP X4 Exoskeleton,113605551,El Clear,0,0,20,0,0,0%,0%,0,0,0,0%,0%,0%,0,10000,10,3,
31372782,44,Armor Plate,?????,Type 3 Armor Plate,-,-,0,0,-2,0,0,0%,0%,0,6,0,0%,0%,0%,0,0,0,0,
31403199,58,X-Exo,?????,IOP X4 Exoskeleton,85741976,K5,0,0,20,0,0,0%,0%,0,0,0,0%,0%,0%,0,10000,10,5,
31425776,12,Red Dot,?????,ITI MARS,86714241,M500 Mod,0,12,0,0,-3,0%,0%,0,0,0,0%,0%,0%,0,0,0,0,
31520250,111,Exclusive,?????,K6-24X56,67411911,Mosin-Nagant Mod,0,6,0,0,0,0%,50%,0,0,0,0%,0%,0%,0,30000,10,6,
31546637,118,Exclusive,?????,Black Cat,-,-,0,0,0,0,0,0%,0%,0,0,0,0%,0%,100%,0,1,0,0,
31579674,68,Ammunition Box,?????,IOP Maximum Ammo Box,-,-,0,0,-2,0,0,0%,0%,0,0,0,0%,0%,0%,2,850,3,0,
31606028,62,Exclusive,?????,GSG UX Exoskeleton,140542170,Gr MP5 Mod,-6,0,58,0,0,0%,0%,0,0,0,0%,0%,0%,0,30000,10,26,
31611225,40,T-Exo,?????,IOP T4 Exoskeleton,91731875,Welrod Mk?,-8,0,35,0,0,0%,0%,0,0,0,0%,0%,0%,0,10000,10,2,
31636927,68,Ammunition Box,?????,IOP Maximum Ammo Box,-,-,0,0,-2,0,0,0%,0%,0,0,0,0%,0%,0%,2,0,0,0,
31655861,86,Exclusive,?????,Hayha Memory Chip,67411911,Mosin-Nagant Mod,30,0,5,0,0,30%,0%,0,0,0,0%,0%,0%,0,30000,10,16,
31681196,92,Exclusive,?????,UMP UX Exoskeleton,66615798,UMP45 Mod,0,0,35,0,0,25%,0%,0,0,0,0%,0%,0%,0,30000,10,6,
31713238,58,X-Exo,?????,IOP X4 Exoskeleton,69152279,Grizzly,0,0,20,0,0,0%,0%,0,0,0,0%,0%,0%,0,10000,10,1,
31805663,8,Holographic,?????,EOT 518,-,-,4,6,0,0,-5,0%,0%,0,0,0,0%,0%,0%,0,0,0,0,
31858772,16,Night Equipment,?????,PEQ-16A,-,-,0,0,0,0,0,0%,0%,0,0,0,0%,0%,94%,0,1,0,0,
31963675,95,Hollow-point,?????,16Lab Hollow-Point,125493788,P22,12,0,0,0,0,0%,0%,-7,0,0,0%,0%,0%,0,2451,5,0,
31995644,44,Armor Plate,?????,Type 3 Armor Plate,-,-,0,0,-2,0,0,0%,0%,0,6,0,0%,0%,0%,0,0,0,0,
32001504,4,Optical,?????,VFL 6-24X56,-,-,0,0,0,0,0,0%,20%,0,0,0,0%,0%,0%,0,0,0,0,
32025523,110,High-velocity,?????,16Lab High-Velocity Ammo,-,-,12,0,0,0,0,0%,0%,0,0,0,0%,0%,0%,0,1,0,0,
32053588,58,X-Exo,?????,IOP X4 Exoskeleton,-,-,0,0,15,0,0,0%,0%,0,0,0,0%,0%,0%,0,10000,10,0,
32147692,4,Optical,?????,VFL 6-24X56,-,-,0,0,0,0,0,0%,19%,0,0,0,0%,0%,0%,0,0,0,0,
32155607,16,Night Equipment,?????,PEQ-16A,-,-,0,0,0,0,0,0%,0%,0,0,0,0%,0%,95%,0,1,0,0,
32162096,58,X-Exo,?????,IOP X4 Exoskeleton,97257613,PP-19 Mod,0,0,14,0,0,0%,0%,0,0,0,0%,0%,0%,0,10000,10,0,
32235275,12,Red Dot,?????,ITI MARS,-,-,0,12,0,0,-2,0%,0%,0,0,0,0%,0%,0%,0,0,0,0,
32253767,16,Night Equipment,?????,PEQ-16A,-,-,0,0,0,0,0,0%,0%,0,0,0,0%,0%,91%,0,1,0,0,
32292565,90,Camouflage Cape,?????,Thermoptic Camouflage Cape,-,-,0,0,0,-3,0,25%,0%,0,0,0,0%,0%,0%,0,10000,10,5,
32293037,4,Optical,?????,VFL 6-24X56,-,-,0,0,0,0,0,0%,20%,0,0,0,0%,0%,0%,0,0,0,0,
32303757,198,Exclusive,?????,Wooden Grips,-,-,0,0,7,0,0,0%,16%,0,0,0,0%,0%,0%,0,1,0,0,
32377769,40,T-Exo,?????,IOP T4 Exoskeleton,115863515,Gr Mk23,-8,0,35,0,0,0%,0%,0,0,0,0%,0%,0%,0,10000,10,5,
32485150,221,Exclusive,?????,Magnetic Accelerated Rounds,131737873,Type88 Mod,5,0,0,0,0,0%,0%,180,0,0,0%,0%,0%,0,30000,10,6,
32496860,58,X-Exo,?????,IOP X4 Exoskeleton,-,-,0,0,9,0,0,0%,0%,0,0,0,0%,0%,0%,0,0,0,0,
32505617,58,X-Exo,?????,IOP X4 Exoskeleton,75131931,Gr G36 Mod,0,0,12,0,0,0%,0%,0,0,0,0%,0%,0%,0,1300,4,0,
32517883,4,Optical,?????,VFL 6-24X56,-,-,0,0,0,0,0,0%,22%,0,0,0,0%,0%,0%,0,0,0,0,
32518129,254,Exclusive,?????,Donut of Sweet Dreams,168539477,Pekola,0,0,0,-3,0,45%,0%,0,0,0,0%,0%,0%,0,30000,10,5,
32585121,66,Suppressor,?????,AC4 Suppressor,97257613,PP-19 Mod,0,0,7,0,0,0%,14%,0,0,0,0%,0%,0%,0,0,0,0,
32617903,40,T-Exo,?????,IOP T4 Exoskeleton,128436014,M950A,-6,0,31,0,0,0%,0%,0,0,0,0%,0%,0%,0,10000,10,0,
32665368,72,Hollow-point,?????,ILM Hollow-Point Ammo,97257613,PP-19 Mod,7,0,0,0,0,0%,0%,-8,0,0,0%,0%,0%,0,0,0,0,
32710538,251,Exclusive,?????,Demonic Bell,-,-,0,14,4,0,0,0%,0%,0,0,0,0%,0%,0%,0,1,0,0,
32710539,253,Exclusive,?????,Miraculous Curry Ladle,-,-,3,0,20,0,0,0%,0%,0,0,0,0%,0%,0%,0,1,0,0,
32725877,252,Exclusive,?????,Grimoire Vol. II,-,-,3,1,0,0,0,0%,22%,0,0,0,0%,0%,0%,0,1,0,0,
32730934,255,Exclusive,?????,Paper Bag Helmet,-,-,10,0,0,0,12,-50%,0%,0,0,0,0%,0%,0%,0,1,0,0,
32730952,72,Hollow-point,?????,ILM Hollow-Point Ammo,112424403,JS 9,8,0,0,0,0,0%,0%,-9,0,0,0%,0%,0%,0,0,0,0,
32730955,66,Suppressor,?????,AC4 Suppressor,128436014,M950A,0,0,6,0,0,0%,13%,0,0,0,0%,0%,0%,0,0,0,0,
32869360,229,SLAP,?????,Mk1000 SLAP,142929350,Kord,0,0,0,0,-5,0%,0%,500,0,0,0%,0%,0%,0,10000,10,16,
32903030,211,Exclusive,?????,Arisaka AP Rounds,109929303,4 Shiki,5,0,0,0,0,0%,0%,144,0,0,0%,0%,0%,0,7826,5,0,
32903366,12,Red Dot,?????,ITI MARS,-,-,0,13,0,0,-2,0%,0%,0,0,0,0%,0%,0%,0,0,0,0,
32923100,20,Armor-piercing,?????,Mk211 High-Explosive Armor-Piercing Ammo,-,-,0,0,0,0,0,0%,0%,110,0,0,0%,0%,0%,0,0,0,0,
32965946,234,Chipset,?????,#2 Processor,-,-,15,0,0,0,25,-50%,0%,0,0,0,0%,0%,0%,0,10000,10,16,
32973641,224,RMR,?????,RMR T4 Red Dot Sight,-,-,0,12,0,0,0,0%,15%,0,0,0,0%,0%,0%,0,0,0,6,
32980980,227,M1022 AP,?????,M1022 Sniper Rounds,168539477,Pekola,10,0,0,0,0,0%,0%,120,0,0,0%,0%,0%,0,10000,10,16,
33092519,234,Chipset,?????,#2 Processor,159295465,89 Shiki,15,0,0,0,25,-50%,0%,0,0,0,0%,0%,0%,0,10000,10,9,
33108298,229,SLAP,?????,Mk1000 SLAP,-,-,0,0,0,0,-5,0%,0%,500,0,0,0%,0%,0%,0,10000,10,13,
33109615,229,SLAP,?????,Mk1000 SLAP,-,-,0,0,0,0,-5,0%,0%,500,0,0,0%,0%,0%,0,10000,10,5,
33109616,72,Hollow-point,?????,ILM Hollow-Point Ammo,125455183,P22,8,0,0,0,0,0%,0%,-7,0,0,0%,0%,0%,0,0,0,0,
33109634,234,Chipset,?????,#2 Processor,-,-,15,0,0,0,25,-50%,0%,0,0,0,0%,0%,0%,0,10000,10,5,
33109651,72,Hollow-point,?????,ILM Hollow-Point Ammo,104400473,M950A Mod,9,0,0,0,0,0%,0%,-9,0,0,0%,0%,0%,0,0,0,0,
33110056,225,Flare,?????,Signal Flare,103048049,Px4 Storm,0,0,0,0,-1,0%,0%,0,0,0,0%,0%,0%,0,0,0,6,
33110063,224,RMR,?????,RMR T4 Red Dot Sight,106136324,Python,0,12,0,0,0,0%,15%,0,0,0,0%,0%,0%,0,0,0,6,
33110473,234,Chipset,?????,#2 Processor,115440652,AK-12,15,0,0,0,25,-50%,0%,0,0,0,0%,0%,0%,0,10000,10,6,Locked
33110524,20,Armor-piercing,?????,Mk211 High-Explosive Armor-Piercing Ammo,-,-,0,0,0,0,0,0%,0%,116,0,0,0%,0%,0%,0,0,0,0,
33110538,234,Chipset,?????,#2 Processor,87562315,AN-94,15,0,0,0,25,-50%,0%,0,0,0,0%,0%,0%,0,10000,10,16,Locked
33110550,229,SLAP,?????,Mk1000 SLAP,-,-,0,0,0,0,-5,0%,0%,500,0,0,0%,0%,0%,0,10000,10,19,
33110574,224,RMR,?????,RMR T4 Red Dot Sight,141629526,Desert Eagle,0,12,0,0,0,0%,15%,0,0,0,0%,0%,0%,0,0,0,5,
33110649,224,RMR,?????,RMR T4 Red Dot Sight,129525696,Python,0,20,0,0,0,0%,30%,0,0,0,0%,0%,0%,0,10000,10,6,
33110760,80,Slug,?????,SABOT Slug,-,-,0,9,0,0,0,0%,0%,0,0,0,0%,0%,0%,0,0,0,0,
33110763,234,Chipset,?????,#2 Processor,123454162,Micro Uzi Mod,15,0,0,0,25,-50%,0%,0,0,0,0%,0%,0%,0,10000,10,26,Locked
33111111,68,Ammunition Box,?????,IOP Maximum Ammo Box,-,-,0,0,-2,0,0,0%,0%,0,0,0,0%,0%,0%,2,0,0,0,
33111209,20,Armor-piercing,?????,Mk211 High-Explosive Armor-Piercing Ammo,-,-,0,0,0,0,0,0%,0%,113,0,0,0%,0%,0%,0,0,0,0,
33111216,229,SLAP,?????,Mk1000 SLAP,-,-,0,0,0,0,-5,0%,0%,244,0,0,0%,0%,0%,0,0,0,0,
33111254,169,Exclusive,?????,Am RFB Quad Rail,-,-,0,0,0,0,0,7%,19%,0,0,0,0%,0%,0%,0,1,0,0,
33111265,76,Buckshot,?????,#000 Buckshot,-,-,8,0,0,0,0,11%,0%,0,0,0,0%,0%,0%,0,0,0,0,
33111307,229,SLAP,?????,Mk1000 SLAP,-,-,0,0,0,0,-5,0%,0%,244,0,0,0%,0%,0%,0,0,0,0,
33111330,231,Birdshot,?????,#7.5 Birdshot,-,-,0,0,0,0,6,-13%,0%,0,0,0,0%,0%,0%,0,575,2,0,
33111415,229,SLAP,?????,Mk1000 SLAP,-,-,0,0,0,0,-5,0%,0%,240,0,0,0%,0%,0%,0,0,0,0,
33111422,224,RMR,?????,RMR T4 Red Dot Sight,-,-,0,10,0,0,0,0%,14%,0,0,0,0%,0%,0%,0,0,0,0,
33111464,227,M1022 AP,?????,M1022 Sniper Rounds,-,-,10,0,0,0,0,0%,0%,120,0,0,0%,0%,0%,0,10000,10,16,
33111471,16,Night Equipment,?????,PEQ-16A,-,-,0,0,0,0,0,0%,0%,0,0,0,0%,0%,95%,0,0,0,0,
33111507,66,Suppressor,?????,AC4 Suppressor,88200472,Five-seven,0,0,6,0,0,0%,13%,0,0,0,0%,0%,0%,0,0,0,0,
33111517,40,T-Exo,?????,IOP T4 Exoskeleton,-,-,-6,0,22,0,0,0%,0%,0,0,0,0%,0%,0%,0,0,0,0,
33111524,58,X-Exo,?????,IOP X4 Exoskeleton,-,-,0,0,9,0,0,0%,0%,0,0,0,0%,0%,0%,0,0,0,0,
33111567,224,RMR,?????,RMR T4 Red Dot Sight,-,-,0,10,0,0,0,0%,14%,0,0,0,0%,0%,0%,0,0,0,0,
33111576,229,SLAP,?????,Mk1000 SLAP,-,-,0,0,0,0,-5,0%,0%,244,0,0,0%,0%,0%,0,0,0,0,
33111594,72,Hollow-point,?????,ILM Hollow-Point Ammo,128436014,M950A,8,0,0,0,0,0%,0%,-9,0,0,0%,0%,0%,0,0,0,0,
33111659,224,RMR,?????,RMR T4 Red Dot Sight,-,-,0,11,0,0,0,0%,14%,0,0,0,0%,0%,0%,0,0,0,0,
33113071,226,M1022 AP,????,M33 Sniper Rounds,-,-,1,0,0,0,0,0%,0%,51,0,0,0%,0%,0%,0,0,0,0,
33116021,224,RMR,?????,RMR T4 Red Dot Sight,-,-,0,10,0,0,0,0%,13%,0,0,0,0%,0%,0%,0,0,0,0,
33123268,234,Chipset,?????,#2 Processor,83256236,Vector,15,0,0,0,25,-50%,0%,0,0,0,0%,0%,0%,0,10000,10,6,
33123742,230,Birdshot,????,#6 Birdshot,-,-,0,0,0,0,3,-27%,0%,0,0,0,0%,0%,0%,0,0,0,0,
33130200,72,Hollow-point,?????,ILM Hollow-Point Ammo,88200472,Five-seven,8,0,0,0,0,0%,0%,-8,0,0,0%,0%,0%,0,0,0,0,
33135539,235,Flashbang,?????,Shotgun Flash Shells,116336279,S.A.T.8,0,10,0,0,0,0%,0%,0,0,0,0%,0%,0%,0,250,1,0,
33140883,20,Armor-piercing,?????,Mk211 High-Explosive Armor-Piercing Ammo,-,-,0,0,0,0,0,0%,0%,111,0,0,0%,0%,0%,0,0,0,0,
33140885,20,Armor-piercing,?????,Mk211 High-Explosive Armor-Piercing Ammo,-,-,0,0,0,0,0,0%,0%,115,0,0,0%,0%,0%,0,0,0,0,
33153113,226,M1022 AP,????,M33 Sniper Rounds,-,-,1,0,0,0,0,0%,0%,52,0,0,0%,0%,0%,0,0,0,0,
33158266,226,M1022 AP,????,M33 Sniper Rounds,-,-,1,0,0,0,0,0%,0%,52,0,0,0%,0%,0%,0,0,0,0,
33162303,229,SLAP,?????,Mk1000 SLAP,-,-,0,0,0,0,-5,0%,0%,244,0,0,0%,0%,0%,0,0,0,0,
33162320,226,M1022 AP,????,M33 Sniper Rounds,-,-,1,0,0,0,0,0%,0%,55,0,0,0%,0%,0%,0,0,0,0,
33162323,4,Optical,?????,VFL 6-24X56,-,-,0,0,0,0,0,0%,22%,0,0,0,0%,0%,0%,0,0,0,0,
33163707,20,Armor-piercing,?????,Mk211 High-Explosive Armor-Piercing Ammo,-,-,0,0,0,0,0,0%,0%,116,0,0,0%,0%,0%,0,0,0,0,
33164917,231,Birdshot,?????,#7.5 Birdshot,-,-,0,0,0,0,6,-19%,0%,0,0,0,0%,0%,0%,0,0,0,0,
33164959,226,M1022 AP,????,M33 Sniper Rounds,-,-,2,0,0,0,0,0%,0%,53,0,0,0%,0%,0%,0,0,0,0,
33165009,227,M1022 AP,?????,M1022 Sniper Rounds,-,-,10,0,0,0,0,0%,0%,120,0,0,0%,0%,0%,0,10000,10,18,
33180931,230,Birdshot,????,#6 Birdshot,-,-,0,0,0,0,3,-29%,0%,0,0,0,0%,0%,0%,0,0,0,0,
33206596,266,Exclusive,?????,ImpulsIIA/C,103048049,Px4 Storm,0,0,12,0,0,0%,8%,0,0,0,0%,0%,0%,0,801,1,0,
33211773,12,Red Dot,?????,ITI MARS,-,-,0,12,0,0,-2,0%,0%,0,0,0,0%,0%,0%,0,0,0,0,
33253063,12,Red Dot,?????,ITI MARS,-,-,0,13,0,0,-2,0%,0%,0,0,0,0%,0%,0%,0,0,0,0,
33356019,234,Chipset,?????,#2 Processor,-,-,15,0,0,0,25,-50%,0%,0,0,0,0%,0%,0%,0,10000,10,6,
33385642,216,Exclusive,?????,20-gauge Custom Slug Rounds,-,-,7,0,0,0,0,0%,13%,0,0,0,0%,0%,0%,0,1,0,0,
33419745,226,M1022 AP,????,M33 Sniper Rounds,-,-,1,0,0,0,0,0%,0%,56,0,0,0%,0%,0%,0,0,0,0,
33445495,259,Exclusive,?????,Old Camouflage Uniform,-,-,0,0,0,0,0,22%,0%,0,0,0,0%,0%,0%,0,1,0,0,
33446316,190,Exclusive,?????,G-box,72132632,Gr G11 Mod,20,10,0,0,0,25%,0%,0,0,0,0%,0%,0%,0,30000,10,1,
33496467,226,M1022 AP,????,M33 Sniper Rounds,-,-,2,0,0,0,0,0%,0%,54,0,0,0%,0%,0%,0,0,0,0,
33511014,80,Slug,?????,SABOT Slug,-,-,0,8,0,0,0,0%,0%,0,0,0,0%,0%,0%,0,1,0,0,
33527318,4,Optical,?????,VFL 6-24X56,-,-,0,0,0,0,0,0%,17%,0,0,0,0%,0%,0%,0,0,0,0,
33527333,72,Hollow-point,?????,ILM Hollow-Point Ammo,-,-,7,0,0,0,0,0%,0%,-9,0,0,0%,0%,0%,0,0,0,0,
33542313,12,Red Dot,?????,ITI MARS,-,-,0,11,0,0,-2,0%,0%,0,0,0,0%,0%,0%,0,0,0,0,
33556580,12,Red Dot,?????,ITI MARS,-,-,0,11,0,0,-2,0%,0%,0,0,0,0%,0%,0%,0,0,0,0,
33576407,8,Holographic,?????,EOT 518,-,-,5,9,0,0,-5,0%,0%,0,0,0,0%,0%,0%,0,0,0,0,
33581965,72,Hollow-point,?????,ILM Hollow-Point Ammo,-,-,8,0,0,0,0,0%,0%,-8,0,0,0%,0%,0%,0,0,0,0,
33595648,6,Holographic,???,EOT 512,-,-,1,2,0,0,-2,0%,0%,0,0,0,0%,0%,0%,0,0,0,0,
33595649,232,Chipset,???,Experimental Processor,-,-,1,0,0,0,3,-50%,0%,0,0,0,0%,0%,0%,0,0,0,0,
33595650,64,Suppressor,???,AC2 Suppressor,-,-,0,0,3,0,0,0%,6%,0,0,0,0%,0%,0%,0,0,0,0,
33595651,65,Suppressor,????,AC3 Suppressor,-,-,0,0,4,0,0,0%,9%,0,0,0,0%,0%,0%,0,0,0,0,
